var,value
theta_0,8461.264094162005
theta_1,-0.021084434752416066
max_km,240000
