var,value
theta_0,8499.599649933132
theta_1,-5147.751262008374
