var,value
theta_0,7061.672452124513
theta_1,-0.010137727744975834
max_km,240000
